{"train/logps/rejected":-98.6875,"train/grad_norm":2.6389081478118896,"train/logits/rejected":-1.6396484375,"train/rewards/accuracies":1,"_timestamp":1.7408303440330286e+09,"train/rewards/chosen":0.0124969482421875,"train/learning_rate":4.999182137891552e-07,"train/logits/chosen":-0.671875,"train/rewards/margins":0.01873779296875,"train/epoch":0.0001635724216897031,"_wandb":{"runtime":22},"_runtime":19.029962178,"train/rewards/rejected":-0.00624847412109375,"_step":19,"train/global_step":10,"train/logps/chosen":-221.25,"train/loss":0.6836}