{"train/rewards/margins":0.00624847412109375,"train/logits/chosen":-0.62939453125,"train/learning_rate":4.999182137891552e-07,"train/logps/chosen":-230.5,"_timestamp":1.7408328276569068e+09,"_step":9,"train/global_step":10,"train/rewards/chosen":0,"_wandb":{"runtime":35},"train/rewards/accuracies":1,"train/rewards/rejected":-0.00624847412109375,"_runtime":26.697195396,"train/logits/rejected":-1.2685546875,"train/loss":0.6899,"train/epoch":0.0001635724216897031,"train/grad_norm":2.9859488010406494,"train/logps/rejected":-104.4375}