{"_step":9,"train/rewards/chosen":0.0015621185302734375,"train/global_step":10,"train/rewards/accuracies":0.5,"train/epoch":0.00032713949227950796,"train/logits/rejected":-1.412109375,"train/loss":0.6914,"_timestamp":1.7408330395091834e+09,"train/logps/chosen":-299.5,"train/logps/rejected":-182.25,"train/grad_norm":2.36966609954834,"_runtime":46.065158401,"train/rewards/rejected":0,"train/rewards/margins":0.0015621185302734375,"train/learning_rate":4.998364302538602e-07,"_wandb":{"runtime":151},"train/logits/chosen":-0.9814453125}