{"_wandb":{"runtime":10},"_runtime":10.760748513,"_step":7,"acc":0.9285759482686998,"loss":0.08859729624773995,"_timestamp":1.7390713764219625e+09}